algorithm,dataset,fold,repeat,imbalance_ratio,tp,tn,fp,fn,roc_auc,pr_auc
KNNOptK,dataset_1000_hypothyroid,0,0,0.0835966676242459,14,339,10,15,0.7270526627803576,0.32129173508483855
SMOTE+KNN,dataset_1000_hypothyroid,0,0,0.0835966676242459,17,316,33,12,0.7896946942001778,0.34250228060572885
KNNWeighted,dataset_1000_hypothyroid,0,0,0.0835966676242459,16,303,46,13,0.7314494615156605,0.41706026845070227
KNNFairRank,dataset_1000_hypothyroid,0,0,0.0835966676242459,23,241,108,6,0.8124691236043868,0.23110348296597735
KNNFairRankCV,dataset_1000_hypothyroid,0,0,0.0835966676242459,23,241,108,6,0.8124691236043868,0.23110348296597735
KNNFairRankEnsemble,dataset_1000_hypothyroid,0,0,0.0835966676242459,13,340,9,16,0.853769390376445,0.5560084732862167
KNNFairRankOptVotes,dataset_1000_hypothyroid,0,0,0.0835966676242459,21,252,97,8,0.8131607548661199,0.27096840772279246
KNNFairRankJointCV,dataset_1000_hypothyroid,0,0,0.0835966676242459,21,252,97,8,0.8131607548661199,0.27096840772279246
KNNFairRankJackknife,dataset_1000_hypothyroid,0,0,0.0835966676242459,21,279,70,8,0.8399367651417844,0.30851467786150477
KNNFairRankTopoJointBootstrap,dataset_1000_hypothyroid,0,0,0.0835966676242459,23,241,108,6,0.8124691236043868,0.23110348296597735
KNNOptK,dataset_1000_hypothyroid,1,0,0.0835966676242459,17,337,11,13,0.7675287356321839,0.37843915343915335
SMOTE+KNN,dataset_1000_hypothyroid,1,0,0.0835966676242459,19,305,43,11,0.8330938697318007,0.40268515834069607
KNNWeighted,dataset_1000_hypothyroid,1,0,0.0835966676242459,20,291,57,10,0.7848659003831417,0.4915256421138774
KNNFairRank,dataset_1000_hypothyroid,1,0,0.0835966676242459,24,244,104,6,0.7989463601532567,0.23683001976956072
KNNFairRankCV,dataset_1000_hypothyroid,1,0,0.0835966676242459,24,244,104,6,0.7989463601532567,0.23683001976956072
KNNFairRankEnsemble,dataset_1000_hypothyroid,1,0,0.0835966676242459,15,332,16,15,0.8612547892720307,0.5974721280419871
KNNFairRankOptVotes,dataset_1000_hypothyroid,1,0,0.0835966676242459,24,243,105,6,0.8028256704980843,0.2451447184789558
KNNFairRankJointCV,dataset_1000_hypothyroid,1,0,0.0835966676242459,24,243,105,6,0.8028256704980843,0.2451447184789558
KNNFairRankJackknife,dataset_1000_hypothyroid,1,0,0.0835966676242459,22,276,72,8,0.8226053639846744,0.3310678261032691
KNNFairRankTopoJointBootstrap,dataset_1000_hypothyroid,1,0,0.0835966676242459,24,251,97,6,0.80205938697318,0.24228633170736866
KNNOptK,dataset_1000_hypothyroid,2,0,0.0835966676242459,13,335,13,16,0.7054597701149425,0.26657824933687
SMOTE+KNN,dataset_1000_hypothyroid,2,0,0.0835966676242459,18,317,31,11,0.7851268331351566,0.35774280509480844
KNNWeighted,dataset_1000_hypothyroid,2,0,0.0835966676242459,19,303,45,10,0.7858204518430439,0.4501961759504863
KNNFairRank,dataset_1000_hypothyroid,2,0,0.0835966676242459,20,267,81,9,0.8246630994847404,0.23818074383623083
KNNFairRankCV,dataset_1000_hypothyroid,2,0,0.0835966676242459,20,267,81,9,0.8246630994847404,0.23818074383623083
KNNFairRankEnsemble,dataset_1000_hypothyroid,2,0,0.0835966676242459,13,338,10,16,0.8739595719381689,0.5689282851441908
KNNFairRankOptVotes,dataset_1000_hypothyroid,2,0,0.0835966676242459,18,284,64,11,0.8465616329766151,0.2762316483652181
KNNFairRankJointCV,dataset_1000_hypothyroid,2,0,0.0835966676242459,18,284,64,11,0.8465616329766151,0.2762316483652181
KNNFairRankJackknife,dataset_1000_hypothyroid,2,0,0.0835966676242459,16,294,54,13,0.8282302814110185,0.3691617585615813
KNNFairRankTopoJointBootstrap,dataset_1000_hypothyroid,2,0,0.0835966676242459,19,271,77,10,0.8167360285374553,0.24192967296901063
KNNOptK,dataset_1000_hypothyroid,3,0,0.0835966676242459,10,337,11,19,0.6566091954022989,0.21460149046355942
SMOTE+KNN,dataset_1000_hypothyroid,3,0,0.0835966676242459,16,308,40,13,0.772195798652398,0.2877528612555836
KNNWeighted,dataset_1000_hypothyroid,3,0,0.0835966676242459,15,300,48,14,0.7100178359096313,0.3400909435392194
KNNFairRank,dataset_1000_hypothyroid,3,0,0.0835966676242459,21,245,103,8,0.7612465319064605,0.18717379845631038
KNNFairRankCV,dataset_1000_hypothyroid,3,0,0.0835966676242459,21,245,103,8,0.7612465319064605,0.18717379845631038
KNNFairRankEnsemble,dataset_1000_hypothyroid,3,0,0.0835966676242459,11,328,20,18,0.8010800634165676,0.4602429008163699
KNNFairRankOptVotes,dataset_1000_hypothyroid,3,0,0.0835966676242459,18,253,95,11,0.7800733254062624,0.21598571314792508
KNNFairRankJointCV,dataset_1000_hypothyroid,3,0,0.0835966676242459,18,253,95,11,0.7800733254062624,0.21598571314792508
KNNFairRankJackknife,dataset_1000_hypothyroid,3,0,0.0835966676242459,20,270,78,9,0.7676377328577091,0.23789436395727764
KNNFairRankTopoJointBootstrap,dataset_1000_hypothyroid,3,0,0.0835966676242459,21,245,103,8,0.7612465319064605,0.18717379845631038
KNNOptK,dataset_1000_hypothyroid,4,0,0.0835966676242459,10,334,14,19,0.6522988505747126,0.19407603890362513
SMOTE+KNN,dataset_1000_hypothyroid,4,0,0.0835966676242459,16,297,51,13,0.7384562029330162,0.2965916548892816
KNNWeighted,dataset_1000_hypothyroid,4,0,0.0835966676242459,18,280,68,11,0.741329766151407,0.3811950471934433
KNNFairRank,dataset_1000_hypothyroid,4,0,0.0835966676242459,25,229,119,4,0.8157946888624652,0.2234320630576693
KNNFairRankCV,dataset_1000_hypothyroid,4,0,0.0835966676242459,25,229,119,4,0.8157946888624652,0.2234320630576693
KNNFairRankEnsemble,dataset_1000_hypothyroid,4,0,0.0835966676242459,14,326,22,15,0.832936979785969,0.4637798720718701
KNNFairRankOptVotes,dataset_1000_hypothyroid,4,0,0.0835966676242459,25,245,103,4,0.8299643281807372,0.24670147955274957
KNNFairRankJointCV,dataset_1000_hypothyroid,4,0,0.0835966676242459,25,245,103,4,0.8299643281807372,0.24670147955274957
KNNFairRankJackknife,dataset_1000_hypothyroid,4,0,0.0835966676242459,24,264,84,5,0.8232758620689654,0.273539003073962
KNNFairRankTopoJointBootstrap,dataset_1000_hypothyroid,4,0,0.0835966676242459,25,229,119,4,0.8157946888624652,0.2234320630576693
KNNOptK,dataset_1000_hypothyroid,5,0,0.0835966676242459,14,337,11,15,0.7255747126436781,0.310132625994695
SMOTE+KNN,dataset_1000_hypothyroid,5,0,0.0835966676242459,19,309,39,10,0.8207986523979389,0.421024373907846
KNNWeighted,dataset_1000_hypothyroid,5,0,0.0835966676242459,18,300,48,11,0.7697185889813714,0.47736998633550354
KNNFairRank,dataset_1000_hypothyroid,5,0,0.0835966676242459,22,252,96,7,0.8018232263178755,0.22852515889265299
KNNFairRankCV,dataset_1000_hypothyroid,5,0,0.0835966676242459,22,252,96,7,0.8018232263178755,0.22852515889265299
KNNFairRankEnsemble,dataset_1000_hypothyroid,5,0,0.0835966676242459,16,329,19,13,0.8502279032897344,0.5646952418835217
KNNFairRankOptVotes,dataset_1000_hypothyroid,5,0,0.0835966676242459,21,253,95,8,0.8167360285374554,0.25177848413828774
KNNFairRankJointCV,dataset_1000_hypothyroid,5,0,0.0835966676242459,21,253,95,8,0.8167360285374554,0.25177848413828774
KNNFairRankJackknife,dataset_1000_hypothyroid,5,0,0.0835966676242459,20,285,63,9,0.8036563614744352,0.2677341170684879
KNNFairRankTopoJointBootstrap,dataset_1000_hypothyroid,5,0,0.0835966676242459,22,252,96,7,0.8018232263178755,0.22852515889265299
KNNOptK,dataset_1000_hypothyroid,6,0,0.0835966676242459,10,337,11,19,0.6566091954022989,0.21460149046355942
SMOTE+KNN,dataset_1000_hypothyroid,6,0,0.0835966676242459,13,307,41,16,0.7480182322631788,0.29763584991616143
KNNWeighted,dataset_1000_hypothyroid,6,0,0.0835966676242459,16,295,53,13,0.7258224336107807,0.4135432283858071
KNNFairRank,dataset_1000_hypothyroid,6,0,0.0835966676242459,22,239,109,7,0.7897839873166865,0.21333456181828053
KNNFairRankCV,dataset_1000_hypothyroid,6,0,0.0835966676242459,22,239,109,7,0.7897839873166865,0.21333456181828053
KNNFairRankEnsemble,dataset_1000_hypothyroid,6,0,0.0835966676242459,11,329,19,18,0.8206004756242569,0.4697400568804526
KNNFairRankOptVotes,dataset_1000_hypothyroid,6,0,0.0835966676242459,21,269,79,8,0.7780915576694412,0.183705117422527
KNNFairRankJointCV,dataset_1000_hypothyroid,6,0,0.0835966676242459,21,269,79,8,0.7780915576694412,0.183705117422527
KNNFairRankJackknife,dataset_1000_hypothyroid,6,0,0.0835966676242459,19,264,84,10,0.8054894966309949,0.273234937768282
KNNFairRankTopoJointBootstrap,dataset_1000_hypothyroid,6,0,0.0835966676242459,21,251,97,8,0.7867122473246135,0.198498085450044
KNNOptK,dataset_1000_hypothyroid,7,0,0.0835966676242459,12,335,13,17,0.6882183908045977,0.2437135278514589
SMOTE+KNN,dataset_1000_hypothyroid,7,0,0.0835966676242459,21,305,43,8,0.8368014268727705,0.41264600610013
KNNWeighted,dataset_1000_hypothyroid,7,0,0.0835966676242459,20,289,59,9,0.8005846214823622,0.5408759725651913
KNNFairRank,dataset_1000_hypothyroid,7,0,0.0835966676242459,25,251,97,4,0.844579865239794,0.24501381916048712
KNNFairRankCV,dataset_1000_hypothyroid,7,0,0.0835966676242459,25,251,97,4,0.844579865239794,0.24501381916048712
KNNFairRankEnsemble,dataset_1000_hypothyroid,7,0,0.0835966676242459,17,326,22,12,0.8856520015854144,0.6183267431908368
KNNFairRankOptVotes,dataset_1000_hypothyroid,7,0,0.0835966676242459,23,260,88,6,0.8427962742766548,0.2573526002055051
KNNFairRankJointCV,dataset_1000_hypothyroid,7,0,0.0835966676242459,23,260,88,6,0.8427962742766548,0.2573526002055051
KNNFairRankJackknife,dataset_1000_hypothyroid,7,0,0.0835966676242459,21,283,65,8,0.8551327784383671,0.30885788326869423
KNNFairRankTopoJointBootstrap,dataset_1000_hypothyroid,7,0,0.0835966676242459,25,251,97,4,0.844579865239794,0.24501381916048712
KNNOptK,dataset_1000_hypothyroid,8,0,0.0835966676242459,11,334,14,18,0.6695402298850575,0.2146419098143236
SMOTE+KNN,dataset_1000_hypothyroid,8,0,0.0835966676242459,17,304,44,12,0.7584720570749108,0.270574841555869
KNNWeighted,dataset_1000_hypothyroid,8,0,0.0835966676242459,14,283,65,15,0.6791518034086406,0.3851861800355908
KNNFairRank,dataset_1000_hypothyroid,8,0,0.0835966676242459,20,247,101,9,0.7320154577883472,0.1738501156939804
KNNFairRankCV,dataset_1000_hypothyroid,8,0,0.0835966676242459,20,247,101,9,0.7320154577883472,0.1738501156939804
KNNFairRankEnsemble,dataset_1000_hypothyroid,8,0,0.0835966676242459,12,340,8,17,0.776208878319461,0.48136853363499255
KNNFairRankOptVotes,dataset_1000_hypothyroid,8,0,0.0835966676242459,19,261,87,10,0.7572334522393975,0.20085466843186375
KNNFairRankJointCV,dataset_1000_hypothyroid,8,0,0.0835966676242459,19,261,87,10,0.7572334522393975,0.20085466843186375
KNNFairRankJackknife,dataset_1000_hypothyroid,8,0,0.0835966676242459,18,275,73,11,0.7589674990091162,0.2657106442533115
KNNFairRankTopoJointBootstrap,dataset_1000_hypothyroid,8,0,0.0835966676242459,20,247,101,9,0.7320154577883472,0.1738501156939804
KNNOptK,dataset_1000_hypothyroid,9,0,0.0835966676242459,6,345,3,23,0.5991379310344828,0.1989389920424403
SMOTE+KNN,dataset_1000_hypothyroid,9,0,0.0835966676242459,13,315,33,16,0.6844530321046373,0.29732880812341084
KNNWeighted,dataset_1000_hypothyroid,9,0,0.0835966676242459,13,294,54,16,0.6739001189060643,0.3742801051692699
KNNFairRank,dataset_1000_hypothyroid,9,0,0.0835966676242459,21,238,110,8,0.7623860483551328,0.1932728337762325
KNNFairRankCV,dataset_1000_hypothyroid,9,0,0.0835966676242459,21,238,110,8,0.7623860483551328,0.1932728337762325
KNNFairRankEnsemble,dataset_1000_hypothyroid,9,0,0.0835966676242459,12,336,12,17,0.7748216409036861,0.4630354972842575
KNNFairRankOptVotes,dataset_1000_hypothyroid,9,0,0.0835966676242459,20,260,88,9,0.7731866825208086,0.23275649482711386
KNNFairRankJointCV,dataset_1000_hypothyroid,9,0,0.0835966676242459,20,260,88,9,0.7731866825208086,0.23275649482711386
KNNFairRankJackknife,dataset_1000_hypothyroid,9,0,0.0835966676242459,19,275,73,10,0.773137138327388,0.29260082439866075
KNNFairRankTopoJointBootstrap,dataset_1000_hypothyroid,9,0,0.0835966676242459,21,238,110,8,0.7623860483551328,0.1932728337762325
KNNOptK,dataset_1000_hypothyroid,0,1,0.0835966676242459,8,342,7,21,0.6279023811876298,0.20268199233716475
SMOTE+KNN,dataset_1000_hypothyroid,0,1,0.0835966676242459,15,311,38,14,0.7293745677304615,0.2810657208889864
KNNWeighted,dataset_1000_hypothyroid,0,1,0.0835966676242459,15,284,65,14,0.6870862562987847,0.2409844054580897
KNNFairRank,dataset_1000_hypothyroid,0,1,0.0835966676242459,26,235,114,3,0.8214603300069163,0.21902494923225937
KNNFairRankCV,dataset_1000_hypothyroid,0,1,0.0835966676242459,26,235,114,3,0.8214603300069163,0.21902494923225937
KNNFairRankEnsemble,dataset_1000_hypothyroid,0,1,0.0835966676242459,11,336,13,18,0.861624345420413,0.4790791558523779
KNNFairRankOptVotes,dataset_1000_hypothyroid,0,1,0.0835966676242459,24,241,108,5,0.8356881731054244,0.2595009988656265
KNNFairRankJointCV,dataset_1000_hypothyroid,0,1,0.0835966676242459,24,241,108,5,0.8356881731054244,0.2595009988656265
KNNFairRankJackknife,dataset_1000_hypothyroid,0,1,0.0835966676242459,23,261,88,6,0.8475941112538287,0.33362829379405434
KNNFairRankTopoJointBootstrap,dataset_1000_hypothyroid,0,1,0.0835966676242459,26,239,110,3,0.8289200671870367,0.2326403723464497
KNNOptK,dataset_1000_hypothyroid,1,1,0.0835966676242459,14,337,11,16,0.7175287356321839,0.3036613756613757
SMOTE+KNN,dataset_1000_hypothyroid,1,1,0.0835966676242459,20,316,32,10,0.8152298850574713,0.45764708542486315
KNNWeighted,dataset_1000_hypothyroid,1,1,0.0835966676242459,19,297,51,11,0.7790708812260536,0.5313203093203093
KNNFairRank,dataset_1000_hypothyroid,1,1,0.0835966676242459,23,246,102,7,0.8065134099616857,0.23563282392876087
KNNFairRankCV,dataset_1000_hypothyroid,1,1,0.0835966676242459,23,246,102,7,0.8065134099616857,0.23563282392876087
KNNFairRankEnsemble,dataset_1000_hypothyroid,1,1,0.0835966676242459,17,329,19,13,0.8636015325670499,0.626946495752525
KNNFairRankOptVotes,dataset_1000_hypothyroid,1,1,0.0835966676242459,24,270,78,6,0.8071839080459771,0.21177873847033996
KNNFairRankJointCV,dataset_1000_hypothyroid,1,1,0.0835966676242459,24,270,78,6,0.8071839080459771,0.21177873847033996
KNNFairRankJackknife,dataset_1000_hypothyroid,1,1,0.0835966676242459,21,276,72,9,0.8219348659003831,0.29189484760124595
KNNFairRankTopoJointBootstrap,dataset_1000_hypothyroid,1,1,0.0835966676242459,23,263,85,7,0.8004310344827585,0.2088350418391458
KNNOptK,dataset_1000_hypothyroid,2,1,0.0835966676242459,13,333,15,16,0.7025862068965517,0.2505683971201213
SMOTE+KNN,dataset_1000_hypothyroid,2,1,0.0835966676242459,19,307,41,10,0.8204518430439952,0.34276618182418633
KNNWeighted,dataset_1000_hypothyroid,2,1,0.0835966676242459,20,288,60,9,0.7909235037653588,0.4405393457117595
KNNFairRank,dataset_1000_hypothyroid,2,1,0.0835966676242459,23,236,112,6,0.769223147047166,0.19683007051428103
KNNFairRankCV,dataset_1000_hypothyroid,2,1,0.0835966676242459,23,236,112,6,0.769223147047166,0.19683007051428103
KNNFairRankEnsemble,dataset_1000_hypothyroid,2,1,0.0835966676242459,14,331,17,15,0.8257530717399921,0.5585888930724284
KNNFairRankOptVotes,dataset_1000_hypothyroid,2,1,0.0835966676242459,23,257,91,6,0.8008818866428855,0.24761440647281313
KNNFairRankJointCV,dataset_1000_hypothyroid,2,1,0.0835966676242459,23,257,91,6,0.8008818866428855,0.24761440647281313
KNNFairRankJackknife,dataset_1000_hypothyroid,2,1,0.0835966676242459,17,269,79,12,0.7798751486325802,0.27391916855511506
KNNFairRankTopoJointBootstrap,dataset_1000_hypothyroid,2,1,0.0835966676242459,23,236,112,6,0.769223147047166,0.19683007051428103
KNNOptK,dataset_1000_hypothyroid,3,1,0.0835966676242459,16,337,11,13,0.7600574712643678,0.3614303959131545
SMOTE+KNN,dataset_1000_hypothyroid,3,1,0.0835966676242459,16,306,42,13,0.7877526753864447,0.34906902099941095
KNNWeighted,dataset_1000_hypothyroid,3,1,0.0835966676242459,19,297,51,10,0.7852259215219975,0.4886155823187307
KNNFairRank,dataset_1000_hypothyroid,3,1,0.0835966676242459,20,233,115,9,0.7469778042013475,0.18223930033880595
KNNFairRankCV,dataset_1000_hypothyroid,3,1,0.0835966676242459,20,233,115,9,0.7469778042013475,0.18223930033880595
KNNFairRankEnsemble,dataset_1000_hypothyroid,3,1,0.0835966676242459,15,335,13,14,0.812970669837495,0.5769484711057516
KNNFairRankOptVotes,dataset_1000_hypothyroid,3,1,0.0835966676242459,19,246,102,10,0.7618906064209274,0.20160047230170525
KNNFairRankJointCV,dataset_1000_hypothyroid,3,1,0.0835966676242459,19,246,102,10,0.7618906064209274,0.20160047230170525
KNNFairRankJackknife,dataset_1000_hypothyroid,3,1,0.0835966676242459,19,261,87,10,0.7745243757431629,0.2651758715801221
KNNFairRankTopoJointBootstrap,dataset_1000_hypothyroid,3,1,0.0835966676242459,20,233,115,9,0.7469778042013475,0.18223930033880595
KNNOptK,dataset_1000_hypothyroid,4,1,0.0835966676242459,13,340,8,16,0.7126436781609196,0.31994442339269924
SMOTE+KNN,dataset_1000_hypothyroid,4,1,0.0835966676242459,16,313,35,13,0.7826000792707095,0.3548878437316571
KNNWeighted,dataset_1000_hypothyroid,4,1,0.0835966676242459,17,300,48,12,0.7469778042013475,0.4101230412589439
KNNFairRank,dataset_1000_hypothyroid,4,1,0.0835966676242459,21,261,87,8,0.7840368608799049,0.21165288649639774
KNNFairRankCV,dataset_1000_hypothyroid,4,1,0.0835966676242459,21,261,87,8,0.7840368608799049,0.21165288649639774
KNNFairRankEnsemble,dataset_1000_hypothyroid,4,1,0.0835966676242459,11,333,15,18,0.8202041220768925,0.484830604783951
KNNFairRankOptVotes,dataset_1000_hypothyroid,4,1,0.0835966676242459,21,262,86,8,0.7949365834324217,0.24067425016852312
KNNFairRankJointCV,dataset_1000_hypothyroid,4,1,0.0835966676242459,21,262,86,8,0.7949365834324217,0.24067425016852312
KNNFairRankJackknife,dataset_1000_hypothyroid,4,1,0.0835966676242459,17,290,58,12,0.8053904082441538,0.29358847446966563
KNNFairRankTopoJointBootstrap,dataset_1000_hypothyroid,4,1,0.0835966676242459,21,261,87,8,0.7840368608799049,0.21165288649639774
KNNOptK,dataset_1000_hypothyroid,5,1,0.0835966676242459,9,335,13,20,0.6364942528735632,0.18000964552688695
SMOTE+KNN,dataset_1000_hypothyroid,5,1,0.0835966676242459,14,307,41,15,0.7660523186682521,0.27331384260632996
KNNWeighted,dataset_1000_hypothyroid,5,1,0.0835966676242459,16,292,56,13,0.7207689258818866,0.3853858784893267
KNNFairRank,dataset_1000_hypothyroid,5,1,0.0835966676242459,23,243,105,6,0.8285770907649623,0.25826372251219304
KNNFairRankCV,dataset_1000_hypothyroid,5,1,0.0835966676242459,23,243,105,6,0.8285770907649623,0.25826372251219304
KNNFairRankEnsemble,dataset_1000_hypothyroid,5,1,0.0835966676242459,11,336,12,18,0.8402695204122077,0.5052437790596964
KNNFairRankOptVotes,dataset_1000_hypothyroid,5,1,0.0835966676242459,22,269,79,7,0.7593638525564803,0.18614730198308857
KNNFairRankJointCV,dataset_1000_hypothyroid,5,1,0.0835966676242459,22,269,79,7,0.7593638525564803,0.18614730198308857
KNNFairRankJackknife,dataset_1000_hypothyroid,5,1,0.0835966676242459,21,271,77,8,0.8190646056282204,0.3009738241760509
KNNFairRankTopoJointBootstrap,dataset_1000_hypothyroid,5,1,0.0835966676242459,22,258,90,7,0.7934502576298057,0.20180595070666746
KNNOptK,dataset_1000_hypothyroid,6,1,0.0835966676242459,13,338,10,16,0.7097701149425287,0.29581363164571556
SMOTE+KNN,dataset_1000_hypothyroid,6,1,0.0835966676242459,17,316,32,12,0.748315497423702,0.38225425253167017
KNNWeighted,dataset_1000_hypothyroid,6,1,0.0835966676242459,15,297,51,14,0.714278636543797,0.46382927417410175
KNNFairRank,dataset_1000_hypothyroid,6,1,0.0835966676242459,24,238,110,5,0.81529924692826,0.23067127290873501
KNNFairRankCV,dataset_1000_hypothyroid,6,1,0.0835966676242459,24,238,110,5,0.81529924692826,0.23067127290873501
KNNFairRankEnsemble,dataset_1000_hypothyroid,6,1,0.0835966676242459,13,331,17,16,0.8419540229885059,0.5484333038959116
KNNFairRankOptVotes,dataset_1000_hypothyroid,6,1,0.0835966676242459,18,264,84,11,0.7376139516448671,0.15307361218408566
KNNFairRankJointCV,dataset_1000_hypothyroid,6,1,0.0835966676242459,18,264,84,11,0.7376139516448671,0.15307361218408566
KNNFairRankJackknife,dataset_1000_hypothyroid,6,1,0.0835966676242459,21,272,76,8,0.8338783194609591,0.315212886896517
KNNFairRankTopoJointBootstrap,dataset_1000_hypothyroid,6,1,0.0835966676242459,22,247,101,7,0.7836405073325405,0.17999929399840453
KNNOptK,dataset_1000_hypothyroid,7,1,0.0835966676242459,10,338,10,19,0.6580459770114943,0.22281167108753316
SMOTE+KNN,dataset_1000_hypothyroid,7,1,0.0835966676242459,16,304,44,13,0.7972651605231867,0.3434856703018738
KNNWeighted,dataset_1000_hypothyroid,7,1,0.0835966676242459,18,289,59,11,0.7569857312722948,0.44051955304223905
KNNFairRank,dataset_1000_hypothyroid,7,1,0.0835966676242459,24,250,98,5,0.8304597701149425,0.24885875383331574
KNNFairRankCV,dataset_1000_hypothyroid,7,1,0.0835966676242459,24,250,98,5,0.8304597701149425,0.24885875383331574
KNNFairRankEnsemble,dataset_1000_hypothyroid,7,1,0.0835966676242459,12,340,8,17,0.8586504161712247,0.5333029268906565
KNNFairRankOptVotes,dataset_1000_hypothyroid,7,1,0.0835966676242459,22,269,79,7,0.8380400317082839,0.30322573537279074
KNNFairRankJointCV,dataset_1000_hypothyroid,7,1,0.0835966676242459,22,269,79,7,0.8380400317082839,0.30322573537279074
KNNFairRankJackknife,dataset_1000_hypothyroid,7,1,0.0835966676242459,22,283,65,7,0.8529528339278636,0.341713593656213
KNNFairRankTopoJointBootstrap,dataset_1000_hypothyroid,7,1,0.0835966676242459,24,250,98,5,0.8304597701149425,0.24885875383331574
KNNOptK,dataset_1000_hypothyroid,8,1,0.0835966676242459,15,335,13,14,0.7399425287356323,0.3142288745737022
SMOTE+KNN,dataset_1000_hypothyroid,8,1,0.0835966676242459,18,311,37,11,0.7813119302417757,0.3685656983890794
KNNWeighted,dataset_1000_hypothyroid,8,1,0.0835966676242459,18,294,54,11,0.768380895759017,0.5023577954612437
KNNFairRank,dataset_1000_hypothyroid,8,1,0.0835966676242459,20,253,95,9,0.7800733254062624,0.19499619405141827
KNNFairRankCV,dataset_1000_hypothyroid,8,1,0.0835966676242459,20,253,95,9,0.7800733254062624,0.19499619405141827
KNNFairRankEnsemble,dataset_1000_hypothyroid,8,1,0.0835966676242459,16,328,20,13,0.8393777249306381,0.5298996443717959
KNNFairRankOptVotes,dataset_1000_hypothyroid,8,1,0.0835966676242459,20,260,88,9,0.7884462940943321,0.20023572014897084
KNNFairRankJointCV,dataset_1000_hypothyroid,8,1,0.0835966676242459,20,260,88,9,0.7884462940943321,0.20023572014897084
KNNFairRankJackknife,dataset_1000_hypothyroid,8,1,0.0835966676242459,17,282,66,12,0.8054399524375742,0.2826062720121
KNNFairRankTopoJointBootstrap,dataset_1000_hypothyroid,8,1,0.0835966676242459,20,253,95,9,0.7800733254062624,0.19499619405141827
KNNOptK,dataset_1000_hypothyroid,9,1,0.0835966676242459,13,334,14,16,0.7040229885057472,0.25827684448374105
SMOTE+KNN,dataset_1000_hypothyroid,9,1,0.0835966676242459,18,300,48,11,0.8025168450257629,0.34024798730681083
KNNWeighted,dataset_1000_hypothyroid,9,1,0.0835966676242459,17,294,54,12,0.7508422512881491,0.5065174424086517
KNNFairRank,dataset_1000_hypothyroid,9,1,0.0835966676242459,23,245,103,6,0.8057372175980975,0.2266455455916197
KNNFairRankCV,dataset_1000_hypothyroid,9,1,0.0835966676242459,23,245,103,6,0.8057372175980975,0.2266455455916197
KNNFairRankEnsemble,dataset_1000_hypothyroid,9,1,0.0835966676242459,13,331,17,16,0.8529032897344431,0.5668671131847897
KNNFairRankOptVotes,dataset_1000_hypothyroid,9,1,0.0835966676242459,20,262,86,9,0.8214922711058263,0.25485222245520167
KNNFairRankJointCV,dataset_1000_hypothyroid,9,1,0.0835966676242459,20,262,86,9,0.8214922711058263,0.25485222245520167
KNNFairRankJackknife,dataset_1000_hypothyroid,9,1,0.0835966676242459,18,282,66,11,0.8291220768925882,0.29575719301684733
KNNFairRankTopoJointBootstrap,dataset_1000_hypothyroid,9,1,0.0835966676242459,23,245,103,6,0.8057372175980975,0.2266455455916197
KNNOptK,dataset_1000_hypothyroid,0,2,0.0835966676242459,16,340,9,13,0.7629680861574943,0.38749498266739646
SMOTE+KNN,dataset_1000_hypothyroid,0,2,0.0835966676242459,19,311,38,10,0.8011066100187727,0.3827042147517618
KNNWeighted,dataset_1000_hypothyroid,0,2,0.0835966676242459,21,295,54,8,0.8173599446694989,0.5119477202235823
KNNFairRank,dataset_1000_hypothyroid,0,2,0.0835966676242459,19,237,112,10,0.745331488983302,0.19334275757763383
KNNFairRankCV,dataset_1000_hypothyroid,0,2,0.0835966676242459,19,237,112,10,0.745331488983302,0.19334275757763383
KNNFairRankEnsemble,dataset_1000_hypothyroid,0,2,0.0835966676242459,14,332,17,15,0.8183973915620986,0.5226078616320631
KNNFairRankOptVotes,dataset_1000_hypothyroid,0,2,0.0835966676242459,18,237,112,11,0.7479992095642723,0.1896689475158448
KNNFairRankJointCV,dataset_1000_hypothyroid,0,2,0.0835966676242459,18,237,112,11,0.7479992095642723,0.1896689475158448
KNNFairRankJackknife,dataset_1000_hypothyroid,0,2,0.0835966676242459,18,266,83,11,0.7618812370319138,0.22865148545972422
KNNFairRankTopoJointBootstrap,dataset_1000_hypothyroid,0,2,0.0835966676242459,19,237,112,10,0.745331488983302,0.19334275757763383
KNNOptK,dataset_1000_hypothyroid,1,2,0.0835966676242459,9,341,7,21,0.6399425287356323,0.22430555555555554
SMOTE+KNN,dataset_1000_hypothyroid,1,2,0.0835966676242459,17,318,30,13,0.7635057471264366,0.3070133997506481
KNNWeighted,dataset_1000_hypothyroid,1,2,0.0835966676242459,14,307,41,16,0.6851532567049808,0.3017219817219817
KNNFairRank,dataset_1000_hypothyroid,1,2,0.0835966676242459,22,263,85,8,0.8035919540229886,0.23333393799337493
KNNFairRankCV,dataset_1000_hypothyroid,1,2,0.0835966676242459,22,263,85,8,0.8035919540229886,0.23333393799337493
KNNFairRankEnsemble,dataset_1000_hypothyroid,1,2,0.0835966676242459,9,342,6,21,0.8323275862068966,0.48725588941821263
KNNFairRankOptVotes,dataset_1000_hypothyroid,1,2,0.0835966676242459,22,277,71,8,0.8214080459770114,0.30053831340339754
KNNFairRankJointCV,dataset_1000_hypothyroid,1,2,0.0835966676242459,22,277,71,8,0.8214080459770114,0.30053831340339754
KNNFairRankJackknife,dataset_1000_hypothyroid,1,2,0.0835966676242459,20,286,62,10,0.8335249042145593,0.3309976187551247
KNNFairRankTopoJointBootstrap,dataset_1000_hypothyroid,1,2,0.0835966676242459,22,273,75,8,0.8098180076628352,0.25162585201364285
KNNOptK,dataset_1000_hypothyroid,2,2,0.0835966676242459,11,336,12,18,0.6724137931034484,0.22915465344250951
SMOTE+KNN,dataset_1000_hypothyroid,2,2,0.0835966676242459,18,308,40,11,0.8317479191438762,0.33152837694667536
KNNWeighted,dataset_1000_hypothyroid,2,2,0.0835966676242459,19,286,62,10,0.7682322631787555,0.40602904970721065
KNNFairRank,dataset_1000_hypothyroid,2,2,0.0835966676242459,27,248,100,2,0.8798057867617916,0.27891591287151984
KNNFairRankCV,dataset_1000_hypothyroid,2,2,0.0835966676242459,27,248,100,2,0.8798057867617916,0.27891591287151984
KNNFairRankEnsemble,dataset_1000_hypothyroid,2,2,0.0835966676242459,13,332,16,16,0.902150217994451,0.5290522922875022
KNNFairRankOptVotes,dataset_1000_hypothyroid,2,2,0.0835966676242459,26,259,89,3,0.8911018628616726,0.29799263684516186
KNNFairRankJointCV,dataset_1000_hypothyroid,2,2,0.0835966676242459,26,259,89,3,0.8911018628616726,0.29799263684516186
KNNFairRankJackknife,dataset_1000_hypothyroid,2,2,0.0835966676242459,23,280,68,6,0.8887732857709076,0.3247887798988556
KNNFairRankTopoJointBootstrap,dataset_1000_hypothyroid,2,2,0.0835966676242459,27,248,100,2,0.8798057867617916,0.27891591287151984
KNNOptK,dataset_1000_hypothyroid,3,2,0.0835966676242459,8,337,11,21,0.6221264367816092,0.1718553678626274
SMOTE+KNN,dataset_1000_hypothyroid,3,2,0.0835966676242459,16,309,39,13,0.7796274276654774,0.28550490781673077
KNNWeighted,dataset_1000_hypothyroid,3,2,0.0835966676242459,16,293,55,13,0.7209175584621482,0.39528357886784304
KNNFairRank,dataset_1000_hypothyroid,3,2,0.0835966676242459,22,252,96,7,0.8263971462544589,0.24956890034277684
KNNFairRankCV,dataset_1000_hypothyroid,3,2,0.0835966676242459,22,252,96,7,0.8263971462544589,0.24956890034277684
KNNFairRankEnsemble,dataset_1000_hypothyroid,3,2,0.0835966676242459,10,335,13,19,0.8394272691240586,0.45758005571050103
KNNFairRankOptVotes,dataset_1000_hypothyroid,3,2,0.0835966676242459,23,263,85,6,0.8340269520412207,0.2688395888974551
KNNFairRankJointCV,dataset_1000_hypothyroid,3,2,0.0835966676242459,23,263,85,6,0.8340269520412207,0.2688395888974551
KNNFairRankJackknife,dataset_1000_hypothyroid,3,2,0.0835966676242459,21,281,67,8,0.8341755846214823,0.29405100547938595
KNNFairRankTopoJointBootstrap,dataset_1000_hypothyroid,3,2,0.0835966676242459,22,252,96,7,0.8263971462544589,0.24956890034277684
KNNOptK,dataset_1000_hypothyroid,4,2,0.0835966676242459,12,335,13,17,0.6882183908045977,0.2437135278514589
SMOTE+KNN,dataset_1000_hypothyroid,4,2,0.0835966676242459,18,311,37,11,0.7916171224732461,0.37561521107389684
KNNWeighted,dataset_1000_hypothyroid,4,2,0.0835966676242459,15,293,55,14,0.7114050733254063,0.4435392194012884
KNNFairRank,dataset_1000_hypothyroid,4,2,0.0835966676242459,21,254,94,8,0.8035572730875942,0.2294537552233301
KNNFairRankCV,dataset_1000_hypothyroid,4,2,0.0835966676242459,21,254,94,8,0.8035572730875942,0.2294537552233301
KNNFairRankEnsemble,dataset_1000_hypothyroid,4,2,0.0835966676242459,14,336,12,15,0.844579865239794,0.6006218984904477
KNNFairRankOptVotes,dataset_1000_hypothyroid,4,2,0.0835966676242459,21,259,89,8,0.8277843836702339,0.27331818959165355
KNNFairRankJointCV,dataset_1000_hypothyroid,4,2,0.0835966676242459,21,259,89,8,0.8277843836702339,0.27331818959165355
KNNFairRankJackknife,dataset_1000_hypothyroid,4,2,0.0835966676242459,20,278,70,9,0.8183214427269123,0.348725134729981
KNNFairRankTopoJointBootstrap,dataset_1000_hypothyroid,4,2,0.0835966676242459,21,254,94,8,0.8035572730875942,0.2294537552233301
KNNOptK,dataset_1000_hypothyroid,5,2,0.0835966676242459,13,340,8,16,0.7126436781609196,0.31994442339269924
SMOTE+KNN,dataset_1000_hypothyroid,5,2,0.0835966676242459,17,311,37,12,0.7617419738406659,0.3207938736944822
KNNWeighted,dataset_1000_hypothyroid,5,2,0.0835966676242459,18,299,49,11,0.7661018628616726,0.45257795901130954
KNNFairRank,dataset_1000_hypothyroid,5,2,0.0835966676242459,20,257,91,9,0.75559849385652,0.2018188929294471
KNNFairRankCV,dataset_1000_hypothyroid,5,2,0.0835966676242459,20,257,91,9,0.75559849385652,0.2018188929294471
KNNFairRankEnsemble,dataset_1000_hypothyroid,5,2,0.0835966676242459,15,334,14,14,0.8022691240586604,0.5262042597112776
KNNFairRankOptVotes,dataset_1000_hypothyroid,5,2,0.0835966676242459,18,270,78,11,0.7762584225128815,0.23203535214313165
KNNFairRankJointCV,dataset_1000_hypothyroid,5,2,0.0835966676242459,18,270,78,11,0.7762584225128815,0.23203535214313165
KNNFairRankJackknife,dataset_1000_hypothyroid,5,2,0.0835966676242459,17,281,67,12,0.774623464130004,0.309985790507886
KNNFairRankTopoJointBootstrap,dataset_1000_hypothyroid,5,2,0.0835966676242459,20,257,91,9,0.75559849385652,0.2018188929294471
KNNOptK,dataset_1000_hypothyroid,6,2,0.0835966676242459,18,338,10,11,0.7959770114942528,0.42819249715801444
SMOTE+KNN,dataset_1000_hypothyroid,6,2,0.0835966676242459,21,303,45,8,0.8410622275069363,0.48560477570594573
KNNWeighted,dataset_1000_hypothyroid,6,2,0.0835966676242459,19,290,58,10,0.7911216805390409,0.6016524982042223
KNNFairRank,dataset_1000_hypothyroid,6,2,0.0835966676242459,25,223,125,4,0.8053904082441539,0.21275949252120402
KNNFairRankCV,dataset_1000_hypothyroid,6,2,0.0835966676242459,25,223,125,4,0.8053904082441539,0.21275949252120402
KNNFairRankEnsemble,dataset_1000_hypothyroid,6,2,0.0835966676242459,17,327,21,12,0.85260602457392,0.6411587680319035
KNNFairRankOptVotes,dataset_1000_hypothyroid,6,2,0.0835966676242459,23,240,108,6,0.813614744351962,0.23250498452483565
KNNFairRankJointCV,dataset_1000_hypothyroid,6,2,0.0835966676242459,23,240,108,6,0.813614744351962,0.23250498452483565
KNNFairRankJackknife,dataset_1000_hypothyroid,6,2,0.0835966676242459,23,254,94,6,0.8354637336504162,0.3129365758342347
KNNFairRankTopoJointBootstrap,dataset_1000_hypothyroid,6,2,0.0835966676242459,25,223,125,4,0.8053904082441539,0.21275949252120402
KNNOptK,dataset_1000_hypothyroid,7,2,0.0835966676242459,11,334,14,18,0.6695402298850575,0.2146419098143236
SMOTE+KNN,dataset_1000_hypothyroid,7,2,0.0835966676242459,16,307,41,13,0.7177962742766548,0.2716267865503126
KNNWeighted,dataset_1000_hypothyroid,7,2,0.0835966676242459,16,291,57,13,0.719678953626635,0.37691975929843297
KNNFairRank,dataset_1000_hypothyroid,7,2,0.0835966676242459,20,243,105,9,0.739645263575109,0.1816246954512532
KNNFairRankCV,dataset_1000_hypothyroid,7,2,0.0835966676242459,20,243,105,9,0.739645263575109,0.1816246954512532
KNNFairRankEnsemble,dataset_1000_hypothyroid,7,2,0.0835966676242459,11,330,18,18,0.792261196987713,0.4373924203034162
KNNFairRankOptVotes,dataset_1000_hypothyroid,7,2,0.0835966676242459,20,241,107,9,0.7601565596512088,0.1988649068674182
KNNFairRankJointCV,dataset_1000_hypothyroid,7,2,0.0835966676242459,20,241,107,9,0.7601565596512088,0.1988649068674182
KNNFairRankJackknife,dataset_1000_hypothyroid,7,2,0.0835966676242459,18,272,76,11,0.7478200554894967,0.2413456435354177
KNNFairRankTopoJointBootstrap,dataset_1000_hypothyroid,7,2,0.0835966676242459,20,243,105,9,0.739645263575109,0.1816246954512532
KNNOptK,dataset_1000_hypothyroid,8,2,0.0835966676242459,14,341,7,15,0.7313218390804599,0.3616268788682582
SMOTE+KNN,dataset_1000_hypothyroid,8,2,0.0835966676242459,17,309,39,12,0.7691736028537456,0.4051117515273595
KNNWeighted,dataset_1000_hypothyroid,8,2,0.0835966676242459,18,292,56,11,0.7658541418945699,0.5173262121537984
KNNFairRank,dataset_1000_hypothyroid,8,2,0.0835966676242459,22,245,103,7,0.7822037257233452,0.18328111306760098
KNNFairRankCV,dataset_1000_hypothyroid,8,2,0.0835966676242459,22,245,103,7,0.7822037257233452,0.18328111306760098
KNNFairRankEnsemble,dataset_1000_hypothyroid,8,2,0.0835966676242459,13,327,21,16,0.8515160523186682,0.5648802651272946
KNNFairRankOptVotes,dataset_1000_hypothyroid,8,2,0.0835966676242459,22,245,103,7,0.8095025762980579,0.21425406751065074
KNNFairRankJointCV,dataset_1000_hypothyroid,8,2,0.0835966676242459,22,245,103,7,0.8095025762980579,0.21425406751065074
KNNFairRankJackknife,dataset_1000_hypothyroid,8,2,0.0835966676242459,20,263,85,9,0.8102952833927863,0.2623041613361556
KNNFairRankTopoJointBootstrap,dataset_1000_hypothyroid,8,2,0.0835966676242459,22,245,103,7,0.7822037257233452,0.18328111306760098
KNNOptK,dataset_1000_hypothyroid,9,2,0.0835966676242459,12,336,12,17,0.6896551724137931,0.2519893899204244
SMOTE+KNN,dataset_1000_hypothyroid,9,2,0.0835966676242459,19,307,41,10,0.8535969084423306,0.42577723432151804
KNNWeighted,dataset_1000_hypothyroid,9,2,0.0835966676242459,17,299,49,12,0.7561434799841459,0.511663049594084
KNNFairRank,dataset_1000_hypothyroid,9,2,0.0835966676242459,25,238,110,4,0.8242667459373761,0.24860959564834045
KNNFairRankCV,dataset_1000_hypothyroid,9,2,0.0835966676242459,25,238,110,4,0.8242667459373761,0.24860959564834045
KNNFairRankEnsemble,dataset_1000_hypothyroid,9,2,0.0835966676242459,16,331,17,13,0.8437871581450653,0.5858582386470931
KNNFairRankOptVotes,dataset_1000_hypothyroid,9,2,0.0835966676242459,22,259,89,7,0.8246630994847405,0.28051098869272484
KNNFairRankJointCV,dataset_1000_hypothyroid,9,2,0.0835966676242459,22,259,89,7,0.8246630994847405,0.28051098869272484
KNNFairRankJackknife,dataset_1000_hypothyroid,9,2,0.0835966676242459,20,271,77,9,0.8283293697978598,0.307170730001852
KNNFairRankTopoJointBootstrap,dataset_1000_hypothyroid,9,2,0.0835966676242459,25,238,110,4,0.8242667459373761,0.24860959564834045
KNNOptK,dataset_1000_hypothyroid,0,3,0.0835966676242459,12,335,14,17,0.6868392451338801,0.2359549773342877
SMOTE+KNN,dataset_1000_hypothyroid,0,3,0.0835966676242459,19,302,47,10,0.8772354510423871,0.3878216407996972
KNNWeighted,dataset_1000_hypothyroid,0,3,0.0835966676242459,20,287,62,9,0.7858413200276653,0.4075954183187152
KNNFairRank,dataset_1000_hypothyroid,0,3,0.0835966676242459,22,236,113,7,0.7876692026479597,0.20735475413526702
KNNFairRankCV,dataset_1000_hypothyroid,0,3,0.0835966676242459,22,236,113,7,0.7876692026479597,0.20735475413526702
KNNFairRankEnsemble,dataset_1000_hypothyroid,0,3,0.0835966676242459,13,333,16,16,0.8542634127062543,0.4995321103663909
KNNFairRankOptVotes,dataset_1000_hypothyroid,0,3,0.0835966676242459,24,247,102,5,0.8208675032111451,0.24653866654353226
KNNFairRankJointCV,dataset_1000_hypothyroid,0,3,0.0835966676242459,24,247,102,5,0.8208675032111451,0.24653866654353226
KNNFairRankJackknife,dataset_1000_hypothyroid,0,3,0.0835966676242459,21,271,78,8,0.8141982017587195,0.2883125548891098
KNNFairRankTopoJointBootstrap,dataset_1000_hypothyroid,0,3,0.0835966676242459,22,236,113,7,0.7876692026479597,0.20735475413526702
KNNOptK,dataset_1000_hypothyroid,1,3,0.0835966676242459,10,341,7,20,0.6566091954022988,0.24898848428260192
SMOTE+KNN,dataset_1000_hypothyroid,1,3,0.0835966676242459,15,311,37,15,0.7826628352490421,0.32929792429792426
KNNWeighted,dataset_1000_hypothyroid,1,3,0.0835966676242459,15,297,51,15,0.6922892720306513,0.3093795093795094
KNNFairRank,dataset_1000_hypothyroid,1,3,0.0835966676242459,20,249,99,10,0.7975095785440613,0.19479728238253846
KNNFairRankCV,dataset_1000_hypothyroid,1,3,0.0835966676242459,20,249,99,10,0.7975095785440613,0.19479728238253846
KNNFairRankEnsemble,dataset_1000_hypothyroid,1,3,0.0835966676242459,9,331,17,21,0.8489942528735632,0.4037540708421829
KNNFairRankOptVotes,dataset_1000_hypothyroid,1,3,0.0835966676242459,22,250,98,8,0.8120689655172415,0.226488718966288
KNNFairRankJointCV,dataset_1000_hypothyroid,1,3,0.0835966676242459,22,250,98,8,0.8120689655172415,0.226488718966288
KNNFairRankJackknife,dataset_1000_hypothyroid,1,3,0.0835966676242459,19,281,67,11,0.817624521072797,0.2354943856453084
KNNFairRankTopoJointBootstrap,dataset_1000_hypothyroid,1,3,0.0835966676242459,20,253,95,10,0.803256704980843,0.20532863794975198
KNNOptK,dataset_1000_hypothyroid,2,3,0.0835966676242459,13,338,10,16,0.7097701149425287,0.29581363164571556
SMOTE+KNN,dataset_1000_hypothyroid,2,3,0.0835966676242459,18,322,26,11,0.8200059453032104,0.41280234008869693
KNNWeighted,dataset_1000_hypothyroid,2,3,0.0835966676242459,20,309,39,9,0.8112366230677766,0.5221016077240508
KNNFairRank,dataset_1000_hypothyroid,2,3,0.0835966676242459,20,247,101,9,0.7692231470471661,0.20858952406585174
KNNFairRankCV,dataset_1000_hypothyroid,2,3,0.0835966676242459,20,247,101,9,0.7692231470471661,0.20858952406585174
KNNFairRankEnsemble,dataset_1000_hypothyroid,2,3,0.0835966676242459,15,339,9,14,0.8238703923900119,0.5931011377430528
KNNFairRankOptVotes,dataset_1000_hypothyroid,2,3,0.0835966676242459,17,255,93,12,0.7638228299643282,0.22196447764844712
KNNFairRankJointCV,dataset_1000_hypothyroid,2,3,0.0835966676242459,17,255,93,12,0.7638228299643282,0.22196447764844712
KNNFairRankJackknife,dataset_1000_hypothyroid,2,3,0.0835966676242459,19,273,75,10,0.7776952041220768,0.3004165363060032
KNNFairRankTopoJointBootstrap,dataset_1000_hypothyroid,2,3,0.0835966676242459,20,247,101,9,0.7692231470471661,0.20858952406585174
KNNOptK,dataset_1000_hypothyroid,3,3,0.0835966676242459,11,335,13,18,0.6709770114942529,0.22159593280282935
SMOTE+KNN,dataset_1000_hypothyroid,3,3,0.0835966676242459,16,292,56,13,0.7566389219183511,0.2921588270087827
KNNWeighted,dataset_1000_hypothyroid,3,3,0.0835966676242459,17,289,59,12,0.7433115338882283,0.41859067429847835
KNNFairRank,dataset_1000_hypothyroid,3,3,0.0835966676242459,24,251,97,5,0.8043995243757431,0.20968927239459725
KNNFairRankCV,dataset_1000_hypothyroid,3,3,0.0835966676242459,24,251,97,5,0.8043995243757431,0.20968927239459725
KNNFairRankEnsemble,dataset_1000_hypothyroid,3,3,0.0835966676242459,14,330,18,15,0.8395263575108998,0.5252733584925549
KNNFairRankOptVotes,dataset_1000_hypothyroid,3,3,0.0835966676242459,22,261,87,7,0.8165378517637734,0.2528943930257927
KNNFairRankJointCV,dataset_1000_hypothyroid,3,3,0.0835966676242459,22,261,87,7,0.8165378517637734,0.2528943930257927
KNNFairRankJackknife,dataset_1000_hypothyroid,3,3,0.0835966676242459,22,277,71,7,0.8260503369005152,0.2647736311648508
KNNFairRankTopoJointBootstrap,dataset_1000_hypothyroid,3,3,0.0835966676242459,24,251,97,5,0.8043995243757431,0.20968927239459725
KNNOptK,dataset_1000_hypothyroid,4,3,0.0835966676242459,11,335,13,18,0.6709770114942529,0.22159593280282935
SMOTE+KNN,dataset_1000_hypothyroid,4,3,0.0835966676242459,20,314,34,9,0.8041022592152199,0.3976159254938919
KNNWeighted,dataset_1000_hypothyroid,4,3,0.0835966676242459,18,299,49,11,0.76585414189457,0.44874654138678843
KNNFairRank,dataset_1000_hypothyroid,4,3,0.0835966676242459,20,257,91,9,0.7703626634958383,0.24001060526745052
KNNFairRankCV,dataset_1000_hypothyroid,4,3,0.0835966676242459,20,257,91,9,0.7703626634958383,0.24001060526745052
KNNFairRankEnsemble,dataset_1000_hypothyroid,4,3,0.0835966676242459,14,336,12,15,0.8152001585414189,0.5547236323684971
KNNFairRankOptVotes,dataset_1000_hypothyroid,4,3,0.0835966676242459,20,272,76,9,0.8007827982560444,0.27624744962144754
KNNFairRankJointCV,dataset_1000_hypothyroid,4,3,0.0835966676242459,20,272,76,9,0.8007827982560444,0.27624744962144754
KNNFairRankJackknife,dataset_1000_hypothyroid,4,3,0.0835966676242459,18,291,57,11,0.7828973444312326,0.3345846666096348
KNNFairRankTopoJointBootstrap,dataset_1000_hypothyroid,4,3,0.0835966676242459,20,257,91,9,0.7703626634958383,0.24001060526745052
KNNOptK,dataset_1000_hypothyroid,5,3,0.0835966676242459,14,341,7,15,0.7313218390804599,0.3616268788682582
SMOTE+KNN,dataset_1000_hypothyroid,5,3,0.0835966676242459,18,320,28,11,0.8820352754657154,0.5137121814506805
KNNWeighted,dataset_1000_hypothyroid,5,3,0.0835966676242459,19,312,36,10,0.7950852160126832,0.4892211237038823
KNNFairRank,dataset_1000_hypothyroid,5,3,0.0835966676242459,24,246,102,5,0.8414090368608799,0.2793026947827254
KNNFairRankCV,dataset_1000_hypothyroid,5,3,0.0835966676242459,24,246,102,5,0.8414090368608799,0.2793026947827254
KNNFairRankEnsemble,dataset_1000_hypothyroid,5,3,0.0835966676242459,15,337,11,14,0.8681629013079667,0.5943506487940812
KNNFairRankOptVotes,dataset_1000_hypothyroid,5,3,0.0835966676242459,23,256,92,6,0.8461157352358304,0.33202541242831357
KNNFairRankJointCV,dataset_1000_hypothyroid,5,3,0.0835966676242459,23,256,92,6,0.8461157352358304,0.33202541242831357
KNNFairRankJackknife,dataset_1000_hypothyroid,5,3,0.0835966676242459,22,277,71,7,0.8575108997225525,0.3605987769747223
KNNFairRankTopoJointBootstrap,dataset_1000_hypothyroid,5,3,0.0835966676242459,24,246,102,5,0.8414090368608799,0.2793026947827254
KNNOptK,dataset_1000_hypothyroid,6,3,0.0835966676242459,15,340,8,14,0.7471264367816092,0.3744666128474225
SMOTE+KNN,dataset_1000_hypothyroid,6,3,0.0835966676242459,20,309,39,9,0.8511692429647244,0.44788119474706223
KNNWeighted,dataset_1000_hypothyroid,6,3,0.0835966676242459,18,293,55,11,0.7685295283392787,0.511886324240099
KNNFairRank,dataset_1000_hypothyroid,6,3,0.0835966676242459,26,246,102,3,0.8475525168450257,0.27352926606462763
KNNFairRankCV,dataset_1000_hypothyroid,6,3,0.0835966676242459,26,246,102,3,0.8475525168450257,0.27352926606462763
KNNFairRankEnsemble,dataset_1000_hypothyroid,6,3,0.0835966676242459,16,333,15,13,0.8766349583828775,0.6133072480823585
KNNFairRankOptVotes,dataset_1000_hypothyroid,6,3,0.0835966676242459,26,252,96,3,0.8550832342449465,0.30677863700558294
KNNFairRankJointCV,dataset_1000_hypothyroid,6,3,0.0835966676242459,26,252,96,3,0.8550832342449465,0.30677863700558294
KNNFairRankJackknife,dataset_1000_hypothyroid,6,3,0.0835966676242459,23,275,73,6,0.8628121284185493,0.35352095875348755
KNNFairRankTopoJointBootstrap,dataset_1000_hypothyroid,6,3,0.0835966676242459,26,246,102,3,0.8475525168450257,0.27352926606462763
KNNOptK,dataset_1000_hypothyroid,7,3,0.0835966676242459,9,341,7,20,0.6451149425287357,0.22761936339522548
SMOTE+KNN,dataset_1000_hypothyroid,7,3,0.0835966676242459,13,314,34,16,0.7684799841458582,0.3573083440353262
KNNWeighted,dataset_1000_hypothyroid,7,3,0.0835966676242459,11,299,49,18,0.6429349980182323,0.377343059239611
KNNFairRank,dataset_1000_hypothyroid,7,3,0.0835966676242459,25,246,102,4,0.8011296076099881,0.2036853708439575
KNNFairRankCV,dataset_1000_hypothyroid,7,3,0.0835966676242459,25,246,102,4,0.8011296076099881,0.2036853708439575
KNNFairRankEnsemble,dataset_1000_hypothyroid,7,3,0.0835966676242459,10,334,14,19,0.820055489496631,0.43879565240934315
KNNFairRankOptVotes,dataset_1000_hypothyroid,7,3,0.0835966676242459,21,257,91,8,0.8185196195005946,0.2341802163960278
KNNFairRankJointCV,dataset_1000_hypothyroid,7,3,0.0835966676242459,21,257,91,8,0.8185196195005946,0.2341802163960278
KNNFairRankJackknife,dataset_1000_hypothyroid,7,3,0.0835966676242459,18,273,75,11,0.797661514070551,0.226036036102742
KNNFairRankTopoJointBootstrap,dataset_1000_hypothyroid,7,3,0.0835966676242459,25,246,102,4,0.8011296076099881,0.2036853708439575
KNNOptK,dataset_1000_hypothyroid,8,3,0.0835966676242459,17,337,11,12,0.7772988505747126,0.3877415687760515
SMOTE+KNN,dataset_1000_hypothyroid,8,3,0.0835966676242459,20,304,44,9,0.7975624256837098,0.37859025687386794
KNNWeighted,dataset_1000_hypothyroid,8,3,0.0835966676242459,19,284,64,10,0.7761097899326199,0.5131198534189809
KNNFairRank,dataset_1000_hypothyroid,8,3,0.0835966676242459,24,246,102,5,0.8156956004756243,0.21198180733979222
KNNFairRankCV,dataset_1000_hypothyroid,8,3,0.0835966676242459,24,246,102,5,0.8156956004756243,0.21198180733979222
KNNFairRankEnsemble,dataset_1000_hypothyroid,8,3,0.0835966676242459,15,327,21,14,0.8611276258422513,0.6163277531543347
KNNFairRankOptVotes,dataset_1000_hypothyroid,8,3,0.0835966676242459,21,257,91,8,0.8265953230281411,0.23177716430663053
KNNFairRankJointCV,dataset_1000_hypothyroid,8,3,0.0835966676242459,21,257,91,8,0.8265953230281411,0.23177716430663053
KNNFairRankJackknife,dataset_1000_hypothyroid,8,3,0.0835966676242459,20,270,78,9,0.8247126436781608,0.2785950745631451
KNNFairRankTopoJointBootstrap,dataset_1000_hypothyroid,8,3,0.0835966676242459,24,246,102,5,0.8156956004756243,0.21198180733979222
KNNOptK,dataset_1000_hypothyroid,9,3,0.0835966676242459,11,338,10,18,0.6752873563218391,0.2464317291903499
SMOTE+KNN,dataset_1000_hypothyroid,9,3,0.0835966676242459,14,311,37,15,0.7440051525961158,0.26330044580284784
KNNWeighted,dataset_1000_hypothyroid,9,3,0.0835966676242459,15,293,55,14,0.7055588585017836,0.3684160666919287
KNNFairRank,dataset_1000_hypothyroid,9,3,0.0835966676242459,22,235,113,7,0.7883472057074911,0.19998464472195698
KNNFairRankCV,dataset_1000_hypothyroid,9,3,0.0835966676242459,22,235,113,7,0.7883472057074911,0.19998464472195698
KNNFairRankEnsemble,dataset_1000_hypothyroid,9,3,0.0835966676242459,12,332,16,17,0.8235235830360681,0.48363609481805947
KNNFairRankOptVotes,dataset_1000_hypothyroid,9,3,0.0835966676242459,21,252,96,8,0.8035077288941735,0.24085170891207963
KNNFairRankJointCV,dataset_1000_hypothyroid,9,3,0.0835966676242459,21,252,96,8,0.8035077288941735,0.24085170891207963
KNNFairRankJackknife,dataset_1000_hypothyroid,9,3,0.0835966676242459,21,265,83,8,0.8110879904875148,0.3181405144044889
KNNFairRankTopoJointBootstrap,dataset_1000_hypothyroid,9,3,0.0835966676242459,22,235,113,7,0.7883472057074911,0.19998464472195698
KNNOptK,dataset_1000_hypothyroid,0,4,0.0835966676242459,17,340,9,12,0.7802094654678392,0.41503515641446675
SMOTE+KNN,dataset_1000_hypothyroid,0,4,0.0835966676242459,23,310,39,6,0.8556466752297204,0.5074393557338431
KNNWeighted,dataset_1000_hypothyroid,0,4,0.0835966676242459,21,299,50,8,0.8324276257286829,0.6199772905856484
KNNFairRank,dataset_1000_hypothyroid,0,4,0.0835966676242459,24,254,95,5,0.831637190000988,0.27499894542782694
KNNFairRankCV,dataset_1000_hypothyroid,0,4,0.0835966676242459,24,254,95,5,0.831637190000988,0.27499894542782694
KNNFairRankEnsemble,dataset_1000_hypothyroid,0,4,0.0835966676242459,17,335,14,12,0.8764944175476732,0.6961539752743756
KNNFairRankOptVotes,dataset_1000_hypothyroid,0,4,0.0835966676242459,24,257,92,5,0.8360833909692718,0.3000106334362564
KNNFairRankJointCV,dataset_1000_hypothyroid,0,4,0.0835966676242459,24,257,92,5,0.8360833909692718,0.3000106334362564
KNNFairRankJackknife,dataset_1000_hypothyroid,0,4,0.0835966676242459,23,280,69,6,0.8563383064914535,0.3987554928584813
KNNFairRankTopoJointBootstrap,dataset_1000_hypothyroid,0,4,0.0835966676242459,24,254,95,5,0.831637190000988,0.27499894542782694
KNNOptK,dataset_1000_hypothyroid,1,4,0.0835966676242459,11,340,8,19,0.6718390804597701,0.2625452520189362
SMOTE+KNN,dataset_1000_hypothyroid,1,4,0.0835966676242459,16,311,37,14,0.7496647509578543,0.3795128845478815
KNNWeighted,dataset_1000_hypothyroid,1,4,0.0835966676242459,15,296,52,15,0.6976053639846742,0.37176721434842597
KNNFairRank,dataset_1000_hypothyroid,1,4,0.0835966676242459,22,255,93,8,0.7761015325670497,0.2111199030010222
KNNFairRankCV,dataset_1000_hypothyroid,1,4,0.0835966676242459,22,255,93,8,0.7761015325670497,0.2111199030010222
KNNFairRankEnsemble,dataset_1000_hypothyroid,1,4,0.0835966676242459,10,332,16,20,0.8041187739463601,0.40997117750176737
KNNFairRankOptVotes,dataset_1000_hypothyroid,1,4,0.0835966676242459,21,260,88,9,0.8022030651340997,0.2537066250910438
KNNFairRankJointCV,dataset_1000_hypothyroid,1,4,0.0835966676242459,21,260,88,9,0.8022030651340997,0.2537066250910438
KNNFairRankJackknife,dataset_1000_hypothyroid,1,4,0.0835966676242459,18,283,65,12,0.7894636015325671,0.2508759705960302
KNNFairRankTopoJointBootstrap,dataset_1000_hypothyroid,1,4,0.0835966676242459,22,262,86,8,0.7790708812260536,0.21918874703140617
KNNOptK,dataset_1000_hypothyroid,2,4,0.0835966676242459,15,332,16,14,0.735632183908046,0.287413365277659
SMOTE+KNN,dataset_1000_hypothyroid,2,4,0.0835966676242459,22,296,52,7,0.8391300039635354,0.3373341820997761
KNNWeighted,dataset_1000_hypothyroid,2,4,0.0835966676242459,20,281,67,9,0.7801228695996829,0.43985233289632814
KNNFairRank,dataset_1000_hypothyroid,2,4,0.0835966676242459,21,241,107,8,0.7884462940943321,0.20057432334288156
KNNFairRankCV,dataset_1000_hypothyroid,2,4,0.0835966676242459,21,241,107,8,0.7884462940943321,0.20057432334288156
KNNFairRankEnsemble,dataset_1000_hypothyroid,2,4,0.0835966676242459,14,328,20,15,0.8441835116924297,0.5309783461256689
KNNFairRankOptVotes,dataset_1000_hypothyroid,2,4,0.0835966676242459,19,260,88,10,0.7999405469678953,0.22298049530823824
KNNFairRankJointCV,dataset_1000_hypothyroid,2,4,0.0835966676242459,19,260,88,10,0.7999405469678953,0.22298049530823824
KNNFairRankJackknife,dataset_1000_hypothyroid,2,4,0.0835966676242459,20,273,75,9,0.8171323820848196,0.27315347650832167
KNNFairRankTopoJointBootstrap,dataset_1000_hypothyroid,2,4,0.0835966676242459,21,241,107,8,0.7884462940943321,0.20057432334288156
KNNOptK,dataset_1000_hypothyroid,3,4,0.0835966676242459,17,338,10,12,0.7787356321839081,0.40092346988898714
SMOTE+KNN,dataset_1000_hypothyroid,3,4,0.0835966676242459,19,313,35,10,0.8059353943717795,0.4468505185746566
KNNWeighted,dataset_1000_hypothyroid,3,4,0.0835966676242459,19,303,45,10,0.7901803408640508,0.5173657161803714
KNNFairRank,dataset_1000_hypothyroid,3,4,0.0835966676242459,24,243,105,5,0.8085612366230677,0.2150012793209034
KNNFairRankCV,dataset_1000_hypothyroid,3,4,0.0835966676242459,24,243,105,5,0.8085612366230677,0.2150012793209034
KNNFairRankEnsemble,dataset_1000_hypothyroid,3,4,0.0835966676242459,15,331,17,14,0.8570650019817677,0.6209502445369294
KNNFairRankOptVotes,dataset_1000_hypothyroid,3,4,0.0835966676242459,23,247,101,6,0.8303606817281015,0.26084343652744724
KNNFairRankJointCV,dataset_1000_hypothyroid,3,4,0.0835966676242459,23,247,101,6,0.8303606817281015,0.26084343652744724
KNNFairRankJackknife,dataset_1000_hypothyroid,3,4,0.0835966676242459,23,266,82,6,0.8234740388426477,0.32931265152917116
KNNFairRankTopoJointBootstrap,dataset_1000_hypothyroid,3,4,0.0835966676242459,24,243,105,5,0.8085612366230677,0.2150012793209034
KNNOptK,dataset_1000_hypothyroid,4,4,0.0835966676242459,9,341,7,20,0.6451149425287357,0.22761936339522548
SMOTE+KNN,dataset_1000_hypothyroid,4,4,0.0835966676242459,16,308,40,13,0.7919639318271898,0.31660214759491734
KNNWeighted,dataset_1000_hypothyroid,4,4,0.0835966676242459,16,294,54,13,0.7168053904082441,0.315927750410509
KNNFairRank,dataset_1000_hypothyroid,4,4,0.0835966676242459,20,247,101,9,0.743014268727705,0.18192911449776597
KNNFairRankCV,dataset_1000_hypothyroid,4,4,0.0835966676242459,20,247,101,9,0.743014268727705,0.18192911449776597
KNNFairRankEnsemble,dataset_1000_hypothyroid,4,4,0.0835966676242459,12,337,11,17,0.7906262386048355,0.4481378990337643
KNNFairRankOptVotes,dataset_1000_hypothyroid,4,4,0.0835966676242459,19,255,93,10,0.7597106619104241,0.22048717565958945
KNNFairRankJointCV,dataset_1000_hypothyroid,4,4,0.0835966676242459,19,255,93,10,0.7597106619104241,0.22048717565958945
KNNFairRankJackknife,dataset_1000_hypothyroid,4,4,0.0835966676242459,18,278,70,11,0.7649128022195799,0.3000447330703834
KNNFairRankTopoJointBootstrap,dataset_1000_hypothyroid,4,4,0.0835966676242459,20,247,101,9,0.743014268727705,0.18192911449776597
KNNOptK,dataset_1000_hypothyroid,5,4,0.0835966676242459,15,335,13,14,0.7399425287356323,0.3142288745737022
SMOTE+KNN,dataset_1000_hypothyroid,5,4,0.0835966676242459,19,308,40,10,0.8146551724137931,0.4215575618614777
KNNWeighted,dataset_1000_hypothyroid,5,4,0.0835966676242459,18,297,51,11,0.7702140309155766,0.522277322877023
KNNFairRank,dataset_1000_hypothyroid,5,4,0.0835966676242459,26,235,113,3,0.837395957193817,0.25956390048690114
KNNFairRankCV,dataset_1000_hypothyroid,5,4,0.0835966676242459,26,235,113,3,0.837395957193817,0.25956390048690114
KNNFairRankEnsemble,dataset_1000_hypothyroid,5,4,0.0835966676242459,17,338,10,12,0.8754458977407847,0.6368250128792063
KNNFairRankOptVotes,dataset_1000_hypothyroid,5,4,0.0835966676242459,26,235,113,3,0.837395957193817,0.25956390048690114
KNNFairRankJointCV,dataset_1000_hypothyroid,5,4,0.0835966676242459,26,235,113,3,0.837395957193817,0.25956390048690114
KNNFairRankJackknife,dataset_1000_hypothyroid,5,4,0.0835966676242459,21,266,82,8,0.8470570749108205,0.3526132446156141
KNNFairRankTopoJointBootstrap,dataset_1000_hypothyroid,5,4,0.0835966676242459,26,235,113,3,0.837395957193817,0.25956390048690114
KNNOptK,dataset_1000_hypothyroid,6,4,0.0835966676242459,11,330,18,18,0.6637931034482759,0.191621695783408
SMOTE+KNN,dataset_1000_hypothyroid,6,4,0.0835966676242459,15,287,61,14,0.7742271105826397,0.2888680963903736
KNNWeighted,dataset_1000_hypothyroid,6,4,0.0835966676242459,15,279,69,14,0.6880202140309155,0.2818285163112749
KNNFairRank,dataset_1000_hypothyroid,6,4,0.0835966676242459,26,248,100,3,0.8570154577883472,0.2810466704415956
KNNFairRankCV,dataset_1000_hypothyroid,6,4,0.0835966676242459,26,248,100,3,0.8570154577883472,0.2810466704415956
KNNFairRankEnsemble,dataset_1000_hypothyroid,6,4,0.0835966676242459,13,329,19,16,0.860929449068569,0.48488711927830386
KNNFairRankOptVotes,dataset_1000_hypothyroid,6,4,0.0835966676242459,25,257,91,4,0.8535969084423305,0.2954134444041911
KNNFairRankJointCV,dataset_1000_hypothyroid,6,4,0.0835966676242459,25,257,91,4,0.8535969084423305,0.2954134444041911
KNNFairRankJackknife,dataset_1000_hypothyroid,6,4,0.0835966676242459,23,278,70,6,0.8567677368212445,0.31117007442969546
KNNFairRankTopoJointBootstrap,dataset_1000_hypothyroid,6,4,0.0835966676242459,26,248,100,3,0.8570154577883472,0.2810466704415956
KNNOptK,dataset_1000_hypothyroid,7,4,0.0835966676242459,12,339,9,17,0.6939655172413792,0.2815460401667298
SMOTE+KNN,dataset_1000_hypothyroid,7,4,0.0835966676242459,21,314,34,8,0.8210959175584621,0.41228311917967086
KNNWeighted,dataset_1000_hypothyroid,7,4,0.0835966676242459,19,295,53,10,0.7894867221561632,0.5250884173297966
KNNFairRank,dataset_1000_hypothyroid,7,4,0.0835966676242459,24,226,122,5,0.792162108600872,0.23052313409325573
KNNFairRankCV,dataset_1000_hypothyroid,7,4,0.0835966676242459,24,226,122,5,0.792162108600872,0.23052313409325573
KNNFairRankEnsemble,dataset_1000_hypothyroid,7,4,0.0835966676242459,16,329,19,13,0.8400713436385256,0.6128490542005685
KNNFairRankOptVotes,dataset_1000_hypothyroid,7,4,0.0835966676242459,24,250,98,5,0.8125743162901308,0.25846177963259936
KNNFairRankJointCV,dataset_1000_hypothyroid,7,4,0.0835966676242459,24,250,98,5,0.8125743162901308,0.25846177963259936
KNNFairRankJackknife,dataset_1000_hypothyroid,7,4,0.0835966676242459,24,266,82,5,0.8083630598493856,0.27128204208777607
KNNFairRankTopoJointBootstrap,dataset_1000_hypothyroid,7,4,0.0835966676242459,24,226,122,5,0.792162108600872,0.23052313409325573
KNNOptK,dataset_1000_hypothyroid,8,4,0.0835966676242459,12,337,11,17,0.6910919540229884,0.26098489216929993
SMOTE+KNN,dataset_1000_hypothyroid,8,4,0.0835966676242459,17,311,37,12,0.7785374554102259,0.4151344953263543
KNNWeighted,dataset_1000_hypothyroid,8,4,0.0835966676242459,18,292,56,11,0.7512881490289337,0.39609420428385944
KNNFairRank,dataset_1000_hypothyroid,8,4,0.0835966676242459,21,252,96,8,0.8060344827586207,0.21970354233356504
KNNFairRankCV,dataset_1000_hypothyroid,8,4,0.0835966676242459,21,252,96,8,0.8060344827586207,0.21970354233356504
KNNFairRankEnsemble,dataset_1000_hypothyroid,8,4,0.0835966676242459,13,327,21,16,0.8451743955608402,0.5076046106261345
KNNFairRankOptVotes,dataset_1000_hypothyroid,8,4,0.0835966676242459,23,265,83,6,0.8230776852952834,0.2728002587356599
KNNFairRankJointCV,dataset_1000_hypothyroid,8,4,0.0835966676242459,23,265,83,6,0.8230776852952834,0.2728002587356599
KNNFairRankJackknife,dataset_1000_hypothyroid,8,4,0.0835966676242459,18,283,65,11,0.8275862068965517,0.309692240533602
KNNFairRankTopoJointBootstrap,dataset_1000_hypothyroid,8,4,0.0835966676242459,21,252,96,8,0.8060344827586207,0.21970354233356504
KNNOptK,dataset_1000_hypothyroid,9,4,0.0835966676242459,10,339,9,19,0.6594827586206897,0.23188608125087254
SMOTE+KNN,dataset_1000_hypothyroid,9,4,0.0835966676242459,15,317,31,14,0.7759116131589378,0.3230224083173311
KNNWeighted,dataset_1000_hypothyroid,9,4,0.0835966676242459,16,308,40,13,0.7391498216409037,0.4330366145248178
KNNFairRank,dataset_1000_hypothyroid,9,4,0.0835966676242459,21,252,96,8,0.8002378121284185,0.217787836195188
KNNFairRankCV,dataset_1000_hypothyroid,9,4,0.0835966676242459,21,252,96,8,0.8002378121284185,0.217787836195188
KNNFairRankEnsemble,dataset_1000_hypothyroid,9,4,0.0835966676242459,12,335,13,17,0.831351565596512,0.516043411645719
KNNFairRankOptVotes,dataset_1000_hypothyroid,9,4,0.0835966676242459,20,269,79,9,0.8005846214823622,0.23919818671380896
KNNFairRankJointCV,dataset_1000_hypothyroid,9,4,0.0835966676242459,20,269,79,9,0.8005846214823622,0.23919818671380896
KNNFairRankJackknife,dataset_1000_hypothyroid,9,4,0.0835966676242459,19,277,71,10,0.8147047166072134,0.2867751782325701
KNNFairRankTopoJointBootstrap,dataset_1000_hypothyroid,9,4,0.0835966676242459,21,252,96,8,0.8002378121284185,0.217787836195188
